timestamp,signal_strength,baseline,threshold,anomaly
2026-09-19 09:03:02.966021,0.0,0,20,False
2026-09-19 09:03:03.444226,0.0,0,20,False
2026-09-19 09:03:05.994799,0.0,0,20,False
2026-09-19 09:03:06.754665,104.82,0,20,True
2026-09-19 09:03:07.412858,0.0,0,20,False
2026-09-19 09:03:08.027142,0.0,0,20,False
2026-09-19 09:03:08.734253,0.0,0,20,False
2026-09-19 09:03:09.486591,0.0,0,20,False
2026-09-19 09:03:10.276141,0.0,0,20,False
2026-09-19 09:03:11.006028,0.0,0,20,False
2026-09-19 09:03:11.758199,0.0,0,20,False
2026-09-19 09:03:12.443902,0.0,0,20,False
2026-09-19 09:03:13.227608,0.0,0,20,False
2026-09-19 09:03:13.859155,0.0,0,20,False
2026-09-19 09:03:14.645429,0.0,0,20,False
2026-09-19 09:03:15.330777,0.0,0,20,False
2026-09-19 09:03:16.296241,0.0,0,20,False
2026-09-19 09:03:17.067307,0.0,0,20,False
2026-09-19 09:03:17.884436,0.0,0,20,False
2026-09-19 09:03:18.619024,0.0,0,20,False
2026-09-19 09:03:19.397040,0.0,0,20,False
2026-09-19 09:03:20.078278,0.0,0,20,False
2026-09-19 09:03:20.854402,0.0,0,20,False
2026-09-19 09:03:21.502683,0.0,0,20,False
2026-09-19 09:03:22.157326,0.0,0,20,False
2026-09-19 09:03:22.917788,0.0,0,20,False
2026-09-19 09:03:23.564129,0.0,0,20,False
2026-09-19 09:03:24.273876,0.0,0,20,False
2026-09-19 09:03:25.137896,0.0,0,20,False
2026-09-19 09:03:25.845150,0.0,0,20,False
2026-09-19 09:03:26.628599,0.0,0,20,False
2026-09-19 09:03:27.411428,0.0,0,20,False
2026-09-19 09:03:28.171068,0.0,0,20,False
2026-09-19 09:03:28.872473,0.0,0,20,False
2026-09-19 09:03:29.531050,0.0,0,20,False
2026-09-19 09:03:30.315896,0.0,0,20,False
2026-09-19 09:03:31.068231,0.0,0,20,False
2026-09-19 09:03:31.850402,0.0,0,20,False
2026-09-19 09:03:32.645620,0.0,0,20,False
2026-09-19 09:03:33.392280,0.0,0,20,False
2026-09-19 09:03:34.152686,0.0,0,20,False
2026-09-19 09:03:34.916633,0.0,0,20,False
2026-09-19 09:03:35.630259,0.0,0,20,False
2026-09-19 09:03:36.361597,0.0,0,20,False
2026-09-19 09:03:36.785261,0.0,0,20,False
2026-09-19 09:03:37.169738,0.0,0,20,False
2026-09-19 09:03:37.555970,0.0,0,20,False
2026-09-19 09:03:37.934357,0.0,0,20,False
2026-09-19 09:03:38.292827,0.0,0,20,False
2026-09-19 09:03:38.706396,0.0,0,20,False
2026-09-19 09:03:39.134561,0.0,0,20,False
2026-09-19 09:03:39.539011,0.0,0,20,False
2026-09-19 09:03:39.916842,0.0,0,20,False
2026-09-19 09:03:40.286068,0.0,0,20,False
2026-09-19 09:03:40.684716,0.0,0,20,False
2026-09-19 09:03:41.140701,0.0,0,20,False
2026-09-19 09:03:41.511439,0.0,0,20,False
2026-09-19 09:03:41.867111,0.0,0,20,False
2026-09-19 09:03:42.245356,0.0,0,20,False
2026-09-19 09:03:42.626839,0.0,0,20,False
2026-09-19 09:03:42.998579,0.0,0,20,False
2026-09-19 09:03:43.423601,0.0,0,20,False
2026-09-19 09:03:43.801958,0.0,0,20,False
2026-09-19 09:03:44.187937,0.0,0,20,False
2026-09-19 09:03:44.550569,0.0,0,20,False
2026-09-19 09:03:44.949229,0.0,0,20,False
2026-09-19 09:03:45.318140,0.0,0,20,False
2026-09-19 09:03:45.688886,0.0,0,20,False
2026-09-19 09:03:46.070913,0.0,0,20,False
2026-09-19 09:03:46.445526,0.0,0,20,False
2026-09-19 09:03:46.857313,0.0,0,20,False
2026-09-19 09:03:47.332618,0.0,0,20,False
2026-09-19 09:03:47.728728,0.0,0,20,False
2026-09-19 09:03:48.121587,0.0,0,20,False
2026-09-19 09:04:10.023889,0.0,0,10,False
2026-09-19 09:04:10.317083,0.0,0,10,False
2026-09-19 09:04:10.897032,0.0,0,10,False
2026-09-19 09:04:11.427088,0.0,0,10,False
2026-09-19 09:04:12.156821,0.0,0,10,False
2026-09-19 09:04:12.805089,0.0,0,10,False
2026-09-19 09:04:13.590161,31.9,0,10,True
2026-09-19 09:04:14.460445,80.22,0,10,True
2026-09-19 09:04:15.194960,88.89,0,10,True
2026-09-19 09:04:15.902469,117.07,0,10,True
2026-09-19 09:04:16.590629,0.0,0,10,False
2026-09-19 09:04:17.411567,0.0,0,10,False
2026-09-19 09:04:18.198158,0.0,0,10,False
2026-09-19 09:04:18.998071,0.0,0,10,False
2026-09-19 09:04:19.726317,0.0,0,10,False
2026-09-19 09:04:20.545521,0.0,0,10,False
2026-09-19 09:04:21.354452,0.0,0,10,False
2026-09-19 09:04:22.125558,0.0,0,10,False
2026-09-19 09:04:22.872546,0.0,0,10,False
2026-09-19 09:04:23.721076,0.0,0,10,False
2026-09-19 09:04:24.475104,0.0,0,10,False
2026-09-19 09:04:25.232809,0.0,0,10,False
2026-09-19 09:04:25.911487,0.0,0,10,False
2026-09-19 09:04:26.715322,0.0,0,10,False
2026-09-19 09:04:27.441408,0.0,0,10,False
2026-09-19 09:04:28.163404,0.0,0,10,False
2026-09-19 09:04:28.870681,0.0,0,10,False
2026-09-19 09:04:29.580647,0.0,0,10,False
2026-09-19 09:04:30.362263,0.0,0,10,False
2026-09-19 09:04:31.143043,0.0,0,10,False
2026-09-19 09:04:32.009961,0.0,0,10,False
2026-09-19 09:04:32.786378,0.0,0,10,False
2026-09-19 09:04:33.489042,0.0,0,10,False
2026-09-19 09:04:34.320045,25.36,0,10,True
2026-09-19 09:04:35.048940,36.32,0,10,True
2026-09-19 09:04:35.797195,37.22,0,10,True
2026-09-19 09:04:36.591800,0.0,0,10,False
2026-09-19 09:04:37.396053,0.0,0,10,False
2026-09-19 09:04:37.992116,0.0,0,10,False
2026-09-19 09:04:38.725,0.0,0,10,False
2026-09-19 09:04:39.456508,0.0,0,10,False
2026-09-19 09:04:40.133966,0.0,0,10,False
2026-09-19 09:04:40.892654,0.0,0,10,False
2026-09-19 09:04:41.572013,0.0,0,10,False
2026-09-19 09:04:42.402797,0.0,0,10,False
2026-09-19 09:04:43.100846,0.0,0,10,False
2026-09-19 09:04:43.897670,0.0,0,10,False
2026-09-19 09:04:44.719611,0.0,0,10,False
2026-09-19 09:04:45.544745,0.0,0,10,False
2026-09-19 09:04:46.208254,0.0,0,10,False
2026-09-19 09:04:47.005949,0.0,0,10,False
2026-09-19 09:04:47.793414,0.0,0,10,False
2026-09-19 09:04:48.664733,0.0,0,10,False
2026-09-19 09:04:49.441995,0.0,0,10,False
2026-09-19 09:04:50.134130,0.0,0,10,False
2026-09-19 09:04:50.949190,0.0,0,10,False
2026-09-19 09:04:51.669156,0.0,0,10,False
2026-09-19 09:04:52.440489,0.0,0,10,False
2026-09-19 09:04:53.265990,18.38,0,10,True
2026-09-19 09:04:54.060318,29.77,0,10,True
2026-09-19 09:04:54.645311,0.0,0,10,False
2026-09-19 09:04:55.362398,0.0,0,10,False
2026-09-19 09:04:56.231521,0.0,0,10,False
2026-09-19 09:04:56.995099,0.0,0,10,False
2026-09-19 09:04:57.712403,0.0,0,10,False
2026-09-19 09:04:58.506658,0.0,0,10,False
2026-09-19 09:04:59.230372,0.0,0,10,False
2026-09-19 09:04:59.959415,0.0,0,10,False
2026-09-19 09:05:00.406793,0.0,0,10,False
2026-09-19 09:05:00.846718,0.0,0,10,False
2026-09-19 09:05:01.258584,0.0,0,10,False
2026-09-19 09:05:01.638549,0.0,0,10,False
2026-09-19 09:05:02.054654,0.0,0,10,False
2026-09-19 09:05:02.489544,0.0,0,10,False
2026-09-19 09:05:02.891775,0.0,0,10,False
2026-09-19 09:05:03.329552,0.0,0,10,False
2026-09-19 09:05:03.714512,0.0,0,10,False
2026-09-19 09:05:04.125924,0.0,0,10,False
2026-09-19 09:05:04.516205,0.0,0,10,False
2026-09-19 09:05:04.866730,0.0,0,10,False
2026-09-19 09:05:05.241370,0.0,0,10,False
2026-09-19 09:05:05.751389,0.0,0,10,False
2026-09-19 09:05:06.186986,0.0,0,10,False
2026-09-19 09:05:06.589513,0.0,0,10,False
2026-09-19 09:05:07.021216,0.0,0,10,False
2026-09-19 09:05:07.479532,0.0,0,10,False
2026-09-19 09:05:07.902779,0.0,0,10,False
2026-09-19 09:05:08.285889,0.0,0,10,False
2026-09-19 09:05:08.659700,0.0,0,10,False
2026-09-19 09:05:09.011286,0.0,0,10,False
2026-09-19 09:05:09.379459,0.0,0,10,False
2026-09-19 09:05:09.764362,0.0,0,10,False
2026-09-19 09:05:10.126778,0.0,0,10,False
2026-09-19 09:05:10.497773,0.0,0,10,False
2026-09-19 09:05:10.910431,0.0,0,10,False
2026-09-19 09:05:11.335086,0.0,0,10,False
2026-09-19 09:05:11.729255,0.0,0,10,False
2026-09-19 09:05:12.148691,0.0,0,10,False
2026-09-19 09:05:12.509848,0.0,0,10,False
2026-09-19 09:05:12.919084,0.0,0,10,False
2026-09-19 09:05:13.301911,0.0,0,10,False
2026-09-19 09:05:13.680140,0.0,0,10,False
2026-09-19 09:05:14.084742,0.0,0,10,False
2026-09-19 09:05:14.468542,0.0,0,10,False
2026-09-19 09:05:14.809818,0.0,0,10,False
2026-09-19 09:05:15.238767,0.0,0,10,False
2026-09-19 09:05:15.579567,0.0,0,10,False
2026-09-19 09:05:15.953541,0.0,0,10,False
2026-09-19 09:05:16.354909,0.0,0,10,False
2026-09-19 09:05:16.771326,0.0,0,10,False
2026-09-19 09:05:17.136815,0.0,0,10,False
2026-09-19 09:05:17.543040,0.0,0,10,False
2026-09-19 09:05:17.908174,0.0,0,10,False
2026-09-19 09:05:18.300942,0.0,0,10,False
2026-09-19 09:05:18.730592,0.0,0,10,False
2026-09-19 09:05:19.104886,0.0,0,10,False
2026-09-19 09:05:19.448949,0.0,0,10,False
2026-09-19 09:05:19.856458,0.0,0,10,False
2026-09-19 09:05:20.237169,0.0,0,10,False
2026-09-19 09:05:20.618892,0.0,0,10,False
2026-09-19 09:05:21.018428,0.0,0,10,False
2026-09-19 09:05:21.399294,0.0,0,10,False
2026-09-19 09:05:21.756621,0.0,0,10,False
2026-09-19 09:05:22.186599,0.0,0,10,False
2026-09-19 09:05:22.548327,0.0,0,10,False
2026-09-19 09:05:22.954242,0.0,0,10,False
2026-09-19 09:05:23.335336,0.0,0,10,False
2026-09-19 09:05:23.735845,0.0,0,10,False
2026-09-19 09:05:24.104120,0.0,0,10,False
2026-09-19 09:05:24.510831,0.0,0,10,False
2026-09-19 09:05:24.953744,0.0,0,10,False
2026-09-19 09:05:25.377034,0.0,0,10,False
2026-09-19 09:05:25.794110,0.0,0,10,False
2026-09-19 09:05:26.182329,0.0,0,10,False
2026-09-19 09:05:26.539883,0.0,0,10,False
2026-09-19 09:05:26.965431,0.0,0,10,False
2026-09-19 09:05:27.338842,0.0,0,10,False
2026-09-19 09:05:27.676463,0.0,0,10,False
2026-09-19 09:05:28.082374,0.0,0,10,False
2026-09-19 09:05:28.454760,0.0,0,10,False
2026-09-19 09:05:28.824385,0.0,0,10,False
2026-09-19 09:05:29.229796,0.0,0,10,False
2026-09-19 09:05:29.609580,0.0,0,10,False
2026-09-19 09:05:30.007439,0.0,0,10,False
2026-09-19 09:05:30.396219,0.0,0,10,False
2026-09-19 09:05:30.783380,0.0,0,10,False
2026-09-19 09:05:31.194039,0.0,0,10,False
2026-09-19 09:05:31.530466,0.0,0,10,False
2026-09-19 09:05:31.883824,0.0,0,10,False
2026-09-19 09:05:32.265789,0.0,0,10,False
2026-09-19 09:05:32.615356,0.0,0,10,False
2026-09-19 09:05:32.976503,0.0,0,10,False
2026-09-19 09:05:33.392334,0.0,0,10,False
2026-09-19 09:05:33.771777,0.0,0,10,False
2026-09-19 09:05:34.115723,0.0,0,10,False
2026-09-19 09:05:34.573345,0.0,0,10,False
2026-09-19 09:05:34.932142,0.0,0,10,False
2026-09-19 09:05:35.285373,0.0,0,10,False
2026-09-19 09:05:35.635083,0.0,0,10,False
2026-09-19 09:05:35.957782,0.0,0,10,False
2026-09-19 09:05:36.343338,0.0,0,10,False
2026-09-19 09:05:36.724956,0.0,0,10,False
2026-09-19 09:05:37.091834,0.0,0,10,False
2026-09-19 09:05:37.455661,0.0,0,10,False
2026-09-19 09:05:37.802277,0.0,0,10,False
2026-09-19 09:05:38.172988,0.0,0,10,False
2026-09-19 09:05:38.563830,0.0,0,10,False
2026-09-19 09:05:38.934453,0.0,0,10,False
2026-09-19 09:05:39.313126,0.0,0,10,False
2026-09-19 09:05:39.736932,0.0,0,10,False
2026-09-19 09:05:40.444492,0.0,0,10,False
2026-09-19 09:05:41.220139,0.0,0,10,False
2026-09-19 09:05:42.004431,0.0,0,10,False
2026-09-19 09:05:42.703342,0.0,0,10,False
2026-09-19 09:05:43.449458,0.0,0,10,False
2026-09-19 09:05:44.222568,0.0,0,10,False
2026-09-19 09:05:44.976395,0.0,0,10,False
2026-09-19 09:05:45.646181,0.0,0,10,False
2026-09-19 09:05:46.377447,0.0,0,10,False
2026-09-19 09:05:47.104881,0.0,0,10,False
2026-09-19 09:05:47.763129,0.0,0,10,False
2026-09-19 09:05:48.459876,0.0,0,10,False
2026-09-19 09:05:49.179579,0.0,0,10,False
2026-09-19 09:05:49.983866,0.0,0,10,False
2026-09-19 09:05:50.758766,0.0,0,10,False
2026-09-19 09:05:51.524900,0.0,0,10,False
2026-09-19 09:05:52.293358,0.0,0,10,False
2026-09-19 09:05:52.997470,0.0,0,10,False
2026-09-19 09:05:53.735737,0.0,0,10,False
2026-09-19 09:05:54.473502,0.0,0,10,False
2026-09-19 09:05:55.215398,0.0,0,10,False
2026-09-19 09:05:55.943715,0.0,0,10,False
2026-09-19 09:05:56.735840,0.0,0,10,False
2026-09-19 09:05:57.440823,0.0,0,10,False
2026-09-19 09:05:58.072082,0.0,0,10,False
2026-09-19 09:05:58.713303,28.06,0,10,True
2026-09-19 09:05:59.382626,17.89,0,10,True
2026-09-19 09:06:00.128929,0.0,0,10,False
2026-09-19 09:06:00.890603,30.36,0,10,True
2026-09-19 09:06:01.703760,30.48,0,10,True
2026-09-19 09:06:02.427543,16.16,0,10,True
2026-09-19 09:06:03.206994,48.63,0,10,True
2026-09-19 09:06:04.023723,58.5,0,10,True
2026-09-19 09:06:04.796103,25.51,0,10,True
2026-09-19 09:06:05.525679,0.0,0,10,False
2026-09-19 09:06:06.266662,0.0,0,10,False
2026-09-19 09:06:07.085939,0.0,0,10,False
2026-09-19 09:06:07.830023,0.0,0,10,False
2026-09-19 09:06:08.661998,0.0,0,10,False
2026-09-19 09:06:09.449169,0.0,0,10,False
2026-09-19 09:06:10.211953,0.0,0,10,False
2026-09-19 09:06:10.958087,0.0,0,10,False
2026-09-19 09:06:11.723813,0.0,0,10,False
2026-09-19 09:06:12.443578,0.0,0,10,False
2026-09-19 09:06:13.119430,0.0,0,10,False
2026-09-19 09:06:13.795568,0.0,0,10,False
2026-09-19 09:06:14.448722,0.0,0,10,False
2026-09-19 09:06:14.833156,0.0,0,10,False
2026-09-19 09:06:15.230831,0.0,0,10,False
2026-09-19 09:06:15.601468,0.0,0,10,False
2026-09-19 09:06:15.956550,0.0,0,10,False
2026-09-19 09:06:16.324459,0.0,0,10,False
2026-09-19 09:06:16.667789,0.0,0,10,False
2026-09-19 09:06:17.038682,0.0,0,10,False
2026-09-19 09:06:17.408665,0.0,0,10,False
2026-09-19 09:06:17.777279,0.0,0,10,False
2026-09-19 09:06:18.152873,0.0,0,10,False
2026-09-19 09:06:18.556545,0.0,0,10,False
2026-09-19 09:06:18.921783,0.0,0,10,False
2026-09-19 09:06:19.271748,0.0,0,10,False
2026-09-19 09:06:19.669696,0.0,0,10,False
2026-09-19 09:06:20.072831,0.0,0,10,False
2026-09-19 09:06:20.469560,0.0,0,10,False
2026-09-19 09:06:20.921673,0.0,0,10,False
2026-09-19 09:06:21.322319,0.0,0,10,False
2026-09-19 09:06:21.742509,0.0,0,10,False
2026-09-19 09:06:22.137098,0.0,0,10,False
2026-09-19 09:06:22.541712,0.0,0,10,False
2026-09-19 09:06:22.918555,0.0,0,10,False
2026-09-19 09:06:23.274700,0.0,0,10,False
2026-09-19 09:06:23.702362,0.0,0,10,False
2026-09-19 09:06:24.099025,0.0,0,10,False
2026-09-19 09:06:24.522682,0.0,0,10,False
2026-09-19 09:06:24.884473,0.0,0,10,False
2026-09-19 09:06:25.247178,0.0,0,10,False
2026-09-19 09:06:25.624242,0.0,0,10,False
2026-09-19 09:06:25.993775,0.0,0,10,False
2026-09-19 09:06:26.378341,0.0,0,10,False
2026-09-19 09:06:26.740492,0.0,0,10,False
2026-09-19 09:06:27.118327,0.0,0,10,False
2026-09-19 09:06:27.477440,0.0,0,10,False
2026-09-19 09:06:27.846694,0.0,0,10,False
2026-09-19 09:06:28.212657,0.0,0,10,False
2026-09-19 09:06:28.622855,0.0,0,10,False
2026-09-19 09:06:28.994511,0.0,0,10,False
2026-09-19 09:06:29.337370,0.0,0,10,False
2026-09-19 09:06:29.792875,0.0,0,10,False
2026-09-19 09:06:30.209537,0.0,0,10,False
2026-09-19 09:06:30.628670,0.0,0,10,False
2026-09-19 09:06:31.035223,0.0,0,10,False
2026-09-19 09:06:31.419952,0.0,0,10,False
2026-09-19 09:06:31.851382,0.0,0,10,False
2026-09-19 09:06:32.228629,0.0,0,10,False
2026-09-19 09:06:32.632987,0.0,0,10,False
2026-09-19 09:06:33.069054,0.0,0,10,False
2026-09-19 09:06:33.434690,0.0,0,10,False
2026-09-19 09:06:33.810721,0.0,0,10,False
2026-09-19 09:06:34.192712,0.0,0,10,False
2026-09-19 09:06:34.599009,0.0,0,10,False
2026-09-19 09:06:35.001661,0.0,0,10,False
2026-09-19 09:06:35.391758,0.0,0,10,False
2026-09-19 09:06:35.801720,0.0,0,10,False
2026-09-19 09:06:36.173710,0.0,0,10,False
2026-09-19 09:06:36.534760,0.0,0,10,False
2026-09-19 09:06:36.922280,0.0,0,10,False
2026-09-19 09:06:37.298249,0.0,0,10,False
2026-09-19 09:06:37.647194,0.0,0,10,False
2026-09-19 09:06:38.016639,0.0,0,10,False
2026-09-19 09:06:38.413460,0.0,0,10,False
2026-09-19 09:06:38.806239,0.0,0,10,False
2026-09-19 09:06:39.208555,0.0,0,10,False
2026-09-19 09:06:39.563904,0.0,0,10,False
2026-09-19 09:06:39.930804,0.0,0,10,False
2026-09-19 09:06:40.273530,0.0,0,10,False
2026-09-19 09:06:40.641168,0.0,0,10,False
2026-09-19 09:06:41.019333,0.0,0,10,False
2026-09-19 09:06:41.420284,0.0,0,10,False
2026-09-19 09:06:41.801536,0.0,0,10,False
2026-09-19 09:06:42.205724,0.0,0,10,False
2026-09-19 09:06:42.581830,0.0,0,10,False
2026-09-19 09:06:42.929861,0.0,0,10,False
2026-09-19 09:06:43.279214,0.0,0,10,False
2026-09-19 09:06:43.654481,0.0,0,10,False
2026-09-19 09:06:44.045087,0.0,0,10,False
2026-09-19 09:06:44.417514,0.0,0,10,False
2026-09-19 09:06:44.782551,0.0,0,10,False
2026-09-19 09:06:45.151977,0.0,0,10,False
2026-09-19 09:06:45.542071,0.0,0,10,False
2026-09-19 09:06:45.913360,0.0,0,10,False
2026-09-19 09:06:46.323163,0.0,0,10,False
2026-09-19 09:06:46.718639,0.0,0,10,False
2026-09-19 09:06:47.071108,0.0,0,10,False
2026-09-19 09:06:47.472756,0.0,0,10,False
2026-09-19 09:06:47.859816,0.0,0,10,False
2026-09-19 09:06:48.220485,0.0,0,10,False
2026-09-19 09:06:48.632906,0.0,0,10,False
2026-09-19 09:06:58.446619,0.0,0,10,False
2026-09-19 09:06:58.671218,0.0,0,10,False
2026-09-19 09:06:58.760896,0.0,0,10,False
2026-09-19 09:06:59.027972,0.0,0,10,False
2026-09-19 09:06:59.681233,0.0,0,10,False
2026-09-19 09:06:59.689388,0.0,0,10,False
2026-09-19 09:07:00.526919,0.0,0,10,False
2026-09-19 09:07:01.020124,0.0,0,10,False
2026-09-19 09:07:01.454671,0.0,0,10,False
2026-09-19 09:07:01.952039,0.0,0,10,False
2026-09-19 09:07:02.512292,0.0,0,10,False
2026-09-19 09:07:03.032132,0.0,0,10,False
2026-09-19 09:07:03.424940,0.0,0,10,False
2026-09-19 09:07:03.852642,0.0,0,10,False
2026-09-19 09:07:04.357780,0.0,0,10,False
2026-09-19 09:07:04.916207,0.0,0,10,False
2026-09-19 09:07:05.413230,0.0,0,10,False
2026-09-19 09:07:05.831059,0.0,0,10,False
2026-09-19 09:07:06.435291,0.0,0,10,False
2026-09-19 09:07:06.986146,0.0,0,10,False
2026-09-19 09:07:07.412748,0.0,0,10,False
2026-09-19 09:07:07.884113,31.91,0,10,True
2026-09-19 09:07:08.428408,0.0,0,10,False
2026-09-19 09:07:09.005299,0.0,0,10,False
2026-09-19 09:07:09.675658,0.0,0,10,False
2026-09-19 09:07:10.232008,0.0,0,10,False
2026-09-19 09:07:10.758805,0.0,0,10,False
2026-09-19 09:07:11.279550,0.0,0,10,False
2026-09-19 09:07:11.734132,0.0,0,10,False
2026-09-19 09:07:12.253591,0.0,0,10,False
2026-09-19 09:07:12.729423,0.0,0,10,False
2026-09-19 09:07:13.153688,0.0,0,10,False
2026-09-19 09:07:13.823702,0.0,0,10,False
2026-09-19 09:07:13.830859,0.0,0,10,False
2026-09-19 09:07:14.487737,0.0,0,10,False
2026-09-19 09:07:14.906747,0.0,0,10,False
2026-09-19 09:07:15.476480,0.0,0,10,False
2026-09-19 09:07:15.955434,0.0,0,10,False
2026-09-19 09:07:16.381484,0.0,0,10,False
2026-09-19 09:07:16.553952,0.0,0,10,False
2026-09-19 09:07:17.559968,0.0,0,10,False
2026-09-19 09:07:17.583382,0.0,0,10,False
2026-09-19 09:07:18.489368,0.0,0,10,False
2026-09-19 09:07:18.499990,0.0,0,10,False
2026-09-19 09:07:19.648783,0.0,0,10,False
2026-09-19 09:07:19.650710,0.0,0,10,False
2026-09-19 09:07:20.360616,0.0,0,10,False
2026-09-19 09:07:20.861991,0.0,0,10,False
2026-09-19 09:07:21.469113,0.0,0,10,False
2026-09-19 09:07:21.904480,0.0,0,10,False
2026-09-19 09:07:22.109178,0.0,0,10,False
2026-09-19 09:07:22.857260,0.0,0,10,False
2026-09-19 09:07:23.351693,0.0,0,10,False
2026-09-19 09:07:23.754799,0.0,0,10,False
2026-09-19 09:07:23.913864,0.0,0,10,False
2026-09-19 09:07:24.366187,0.0,0,10,False
2026-09-19 09:07:24.847734,0.0,0,10,False
2026-09-19 09:07:25.319388,0.0,0,10,False
2026-09-19 09:07:25.802899,0.0,0,10,False
2026-09-19 09:07:26.272108,0.0,0,10,False
2026-09-19 09:07:26.852267,0.0,0,10,False
2026-09-19 09:07:27.361741,0.0,0,10,False
2026-09-19 09:07:27.810670,0.0,0,10,False
2026-09-19 09:07:28.397015,0.0,0,10,False
2026-09-19 09:07:28.926887,0.0,0,10,False
2026-09-19 09:07:29.479696,0.0,0,10,False
2026-09-19 09:07:29.962266,0.0,0,10,False
2026-09-19 09:07:30.385539,0.0,0,10,False
2026-09-19 09:07:30.922425,0.0,0,10,False
2026-09-19 09:07:31.434789,0.0,0,10,False
2026-09-19 09:07:31.892731,0.0,0,10,False
2026-09-19 09:07:32.317636,0.0,0,10,False
2026-09-19 09:07:32.637223,0.0,0,10,False
2026-09-19 09:07:33.559621,0.0,0,10,False
2026-09-19 09:07:33.569069,29.75,0,10,True
2026-09-19 09:07:34.390729,0.0,0,10,False
2026-09-19 09:07:34.905390,0.0,0,10,False
2026-09-19 09:07:35.443557,0.0,0,10,False
2026-09-19 09:07:35.932855,0.0,0,10,False
2026-09-19 09:07:36.467825,0.0,0,10,False
2026-09-19 09:07:37.001651,0.0,0,10,False
2026-09-19 09:07:37.537427,0.0,0,10,False
2026-09-19 09:07:38.077259,0.0,0,10,False
2026-09-19 09:07:38.513814,0.0,0,10,False
2026-09-19 09:07:39.019490,0.0,0,10,False
2026-09-19 09:07:39.585659,0.0,0,10,False
2026-09-19 09:07:40.054890,0.0,0,10,False
2026-09-19 09:07:40.619149,0.0,0,10,False
2026-09-19 09:07:41.103955,0.0,0,10,False
2026-09-19 09:07:41.613264,0.0,0,10,False
2026-09-19 09:07:42.099035,0.0,0,10,False
2026-09-19 09:07:42.546265,0.0,0,10,False
2026-09-19 09:07:43.121160,0.0,0,10,False
2026-09-19 09:07:43.626277,0.0,0,10,False
2026-09-19 09:07:44.191304,0.0,0,10,False
2026-09-19 09:07:44.705748,0.0,0,10,False
2026-09-19 09:07:45.224526,0.0,0,10,False
2026-09-19 09:07:45.706614,0.0,0,10,False
2026-09-19 09:07:46.096778,0.0,0,10,False
2026-09-19 09:07:46.610620,0.0,0,10,False
2026-09-19 09:07:47.115434,0.0,0,10,False
2026-09-19 09:07:47.615247,0.0,0,10,False
2026-09-19 09:07:48.108560,0.0,0,10,False
2026-09-19 09:07:48.650569,0.0,0,10,False
2026-09-19 09:07:49.140162,0.0,0,10,False
2026-09-19 09:07:49.610186,0.0,0,10,False
2026-09-19 09:07:50.019532,0.0,0,10,False
2026-09-19 09:07:50.477979,0.0,0,10,False
2026-09-19 09:07:50.957117,0.0,0,10,False
2026-09-19 09:07:51.509595,0.0,0,10,False
2026-09-19 09:07:52.091511,0.0,0,10,False
2026-09-19 09:07:52.577369,0.0,0,10,False
2026-09-19 09:07:53.293816,0.0,0,10,False
2026-09-19 09:07:53.926081,0.0,0,10,False
2026-09-19 09:07:54.591840,0.0,0,10,False
2026-09-19 09:07:55.246258,0.0,0,10,False
2026-09-19 09:07:55.857919,0.0,0,10,False
2026-09-19 09:07:56.582736,0.0,0,10,False
2026-09-19 09:07:57.297889,0.0,0,10,False
2026-09-19 09:07:57.962888,0.0,0,10,False
2026-09-19 09:07:58.576448,0.0,0,10,False
2026-09-19 09:07:59.338585,0.0,0,10,False
2026-09-19 09:08:00.032254,0.0,0,10,False
2026-09-19 09:08:00.684330,0.0,0,10,False
2026-09-19 09:08:01.464552,0.0,0,10,False
2026-09-19 09:08:02.264902,0.0,0,10,False
2026-09-19 09:08:03.163444,0.0,0,10,False
2026-09-19 09:08:04.003250,0.0,0,10,False
2026-09-19 09:08:04.773919,0.0,0,10,False
2026-09-19 09:08:05.532492,15.46,0,10,True
2026-09-19 09:08:06.368136,23.44,0,10,True
2026-09-19 09:08:07.111827,0.0,0,10,False
2026-09-19 09:08:07.693515,0.0,0,10,False
2026-09-19 09:08:08.263628,0.0,0,10,False
2026-09-19 09:08:08.975443,0.0,0,10,False
2026-09-19 09:08:09.550031,0.0,0,10,False
2026-09-19 09:08:10.225941,0.0,0,10,False
2026-09-19 09:08:10.838651,0.0,0,10,False
2026-09-19 09:08:11.443896,0.0,0,10,False
2026-09-19 09:08:12.154976,0.0,0,10,False
2026-09-19 09:08:12.754101,0.0,0,10,False
2026-09-19 09:08:13.351713,0.0,0,10,False
2026-09-19 09:08:14.014969,0.0,0,10,False
2026-09-19 09:08:14.660892,0.0,0,10,False
2026-09-19 09:08:15.397607,0.0,0,10,False
2026-09-19 09:08:16.028379,0.0,0,10,False
2026-09-19 09:08:16.699461,0.0,0,10,False
2026-09-19 09:08:17.284039,0.0,0,10,False
2026-09-19 09:08:17.854482,0.0,0,10,False
2026-09-19 09:08:18.412204,0.0,0,10,False
2026-09-19 09:08:19.066693,0.0,0,10,False
2026-09-19 09:08:19.746697,0.0,0,10,False
2026-09-19 09:08:20.408885,0.0,0,10,False
2026-09-19 09:08:21.092487,0.0,0,10,False
2026-09-19 09:08:21.829025,0.0,0,10,False
2026-09-19 09:08:22.519556,0.0,0,10,False
2026-09-19 09:08:23.143138,0.0,0,10,False
2026-09-19 09:08:23.815139,0.0,0,10,False
2026-09-19 09:08:24.465547,34.73,0,10,True
2026-09-19 09:08:25.127268,0.0,0,10,False
2026-09-19 09:08:25.769891,0.0,0,10,False
2026-09-19 09:08:26.487829,0.0,0,10,False
2026-09-19 09:08:27.087530,0.0,0,10,False
2026-09-19 09:08:27.759001,0.0,0,10,False
2026-09-19 09:08:28.470985,0.0,0,10,False
2026-09-19 09:08:29.210131,0.0,0,10,False
2026-09-19 09:08:29.914250,0.0,0,10,False
2026-09-19 09:08:30.516640,23.3,0,10,True
2026-09-19 09:08:31.201153,0.0,0,10,False
2026-09-19 09:08:31.890627,0.0,0,10,False
2026-09-19 09:08:32.566075,0.0,0,10,False
2026-09-19 09:08:33.320618,0.0,0,10,False
2026-09-19 09:08:34.100734,0.0,0,10,False
2026-09-19 09:08:34.784995,0.0,0,10,False
2026-09-19 09:08:35.399984,0.0,0,10,False
2026-09-19 09:08:35.801189,0.0,0,10,False
2026-09-19 09:08:36.200111,0.0,0,10,False
2026-09-19 09:08:36.607408,0.0,0,10,False
2026-09-19 09:08:37.002020,0.0,0,10,False
2026-09-19 09:08:37.390702,0.0,0,10,False
2026-09-19 09:08:37.776382,0.0,0,10,False
2026-09-19 09:08:38.138792,0.0,0,10,False
2026-09-19 09:08:38.489569,0.0,0,10,False
2026-09-19 09:08:38.820655,0.0,0,10,False
2026-09-19 09:08:39.161481,0.0,0,10,False
2026-09-19 09:08:39.533373,0.0,0,10,False
2026-09-19 09:08:39.909752,0.0,0,10,False
2026-09-19 09:08:40.261816,0.0,0,10,False
2026-09-19 09:08:40.630360,0.0,0,10,False
2026-09-19 09:08:40.968693,0.0,0,10,False
2026-09-19 09:08:41.346112,0.0,0,10,False
2026-09-19 09:08:41.711189,0.0,0,10,False
2026-09-19 09:08:42.087792,0.0,0,10,False
2026-09-19 09:08:42.460149,0.0,0,10,False
2026-09-19 09:08:42.830948,0.0,0,10,False
2026-09-19 09:08:43.208143,0.0,0,10,False
2026-09-19 09:08:43.581800,0.0,0,10,False
2026-09-19 09:08:43.922302,0.0,0,10,False
2026-09-19 09:08:44.267935,0.0,0,10,False
2026-09-19 09:08:44.620476,0.0,0,10,False
2026-09-19 09:08:45.066092,0.0,0,10,False
2026-09-19 09:08:45.812975,0.0,0,10,False
2026-09-19 09:08:46.482655,0.0,0,10,False
2026-09-19 09:08:47.123680,0.0,0,10,False
2026-09-19 09:08:47.742730,0.0,0,10,False
2026-09-19 09:08:48.406585,0.0,0,10,False
2026-09-19 09:08:49.135115,0.0,0,10,False
2026-09-19 09:08:49.762236,0.0,0,10,False
2026-09-19 09:08:50.374226,0.0,0,10,False
2026-09-19 09:08:51.040709,0.0,0,10,False
2026-09-19 09:08:51.646153,0.0,0,10,False
2026-09-19 09:08:52.328363,0.0,0,10,False
2026-09-19 12:32:54.226962,666.34,0,10,True
2026-09-19 12:32:54.753183,664.5,0,10,True
2026-09-19 12:32:58.732865,663.98,0,10,True
2026-09-19 12:32:59.712268,665.19,0,10,True
2026-09-19 12:33:00.835909,665.54,0,10,True
2026-09-19 12:33:01.835001,664.29,0,10,True
2026-09-19 12:33:02.844615,665.77,0,10,True
2026-09-19 12:33:03.933657,665.05,0,10,True
2026-09-19 12:33:04.915916,664.16,0,10,True
2026-09-19 12:33:05.926041,665.76,0,10,True
2026-09-19 12:33:06.944743,662.69,0,10,True
2026-09-19 12:33:07.844449,663.75,0,10,True
2026-09-19 12:33:08.825362,665.66,0,10,True
2026-09-19 12:33:09.797244,665.33,0,10,True
2026-09-19 12:33:10.854317,665.02,0,10,True
2026-09-19 12:33:11.819501,664.21,0,10,True
2026-09-19 12:33:12.827024,665.85,0,10,True
2026-09-19 12:33:13.805550,663.36,0,10,True
2026-09-19 12:33:14.948805,665.55,0,10,True
2026-09-19 12:33:15.958102,664.6,0,10,True
2026-09-19 12:33:17.007952,664.93,0,10,True
2026-09-19 12:33:18.140336,662.71,0,10,True
2026-09-19 12:33:19.121272,665.49,0,10,True
2026-09-19 12:33:20.117719,663.8,0,10,True
2026-09-19 12:33:21.191370,664.59,0,10,True
2026-09-19 12:33:22.168192,664.93,0,10,True
2026-09-19 12:33:23.156475,664.61,0,10,True
2026-09-19 12:33:24.200395,663.32,0,10,True
2026-09-19 12:33:25.281110,665.55,0,10,True
2026-09-19 12:33:26.251351,664.95,0,10,True
2026-09-19 12:33:27.236461,664.45,0,10,True
2026-09-19 12:33:28.330867,664.9,0,10,True
2026-09-19 12:33:29.381835,664.27,0,10,True
2026-09-19 12:33:30.383324,665.35,0,10,True
2026-09-19 12:33:31.388502,664.6,0,10,True
2026-09-19 12:33:32.465134,665.22,0,10,True
2026-09-19 12:33:33.461380,664.99,0,10,True
2026-09-19 12:33:34.500856,664.76,0,10,True
2026-09-19 12:33:35.523911,664.78,0,10,True
2026-09-19 12:33:36.607688,663.87,0,10,True
2026-09-19 12:33:37.630736,664.13,0,10,True
2026-09-19 12:33:38.618670,662.53,0,10,True
2026-09-19 12:33:39.624309,663.92,0,10,True
2026-09-19 12:33:40.631159,663.42,0,10,True
2026-09-19 12:33:41.632471,667.34,0,10,True
2026-09-19 12:33:42.599005,663.03,0,10,True
2026-09-19 12:33:43.716651,662.7,0,10,True
2026-09-19 12:33:44.716814,665.93,0,10,True
2026-09-19 12:33:45.821467,665.12,0,10,True
2026-09-19 12:33:46.859360,662.26,0,10,True
2026-09-19 12:33:47.842726,664.23,0,10,True
2026-09-19 12:33:48.858735,664.01,0,10,True
2026-09-19 12:33:49.906901,665.31,0,10,True
2026-09-19 12:33:50.885133,664.3,0,10,True
2026-09-19 12:33:51.939704,664.66,0,10,True
2026-09-19 12:33:53.028674,665.92,0,10,True
2026-09-19 12:33:54.071044,662.97,0,10,True
2026-09-19 12:33:55.019889,664.87,0,10,True
2026-09-19 12:33:56.157593,665.02,0,10,True
2026-09-19 12:33:57.131367,664.62,0,10,True
2026-09-19 12:33:58.175569,666.55,0,10,True
2026-09-19 12:33:59.148591,663.62,0,10,True
2026-09-19 12:34:00.127454,666.1,0,10,True
2026-09-19 12:34:01.245791,665.05,0,10,True
2026-09-19 12:34:02.293642,665.72,0,10,True
2026-09-19 12:34:03.286462,665.34,0,10,True
2026-09-19 12:34:04.369466,665.47,0,10,True
2026-09-19 12:34:05.368910,663.29,0,10,True
2026-09-19 12:34:06.453298,663.13,0,10,True
2026-09-19 12:34:07.668722,664.83,0,10,True
2026-09-19 12:34:08.674685,665.07,0,10,True
2026-09-19 12:34:09.786476,665.47,0,10,True
2026-09-19 12:34:10.785077,666.49,0,10,True
2026-09-19 12:34:11.786187,663.06,0,10,True
2026-09-19 12:34:12.824274,664.9,0,10,True
2026-09-19 12:34:13.803137,665.75,0,10,True
2026-09-19 12:34:14.791768,664.33,0,10,True
2026-09-19 12:34:15.904865,666.26,0,10,True
2026-09-19 12:34:16.937721,665.55,0,10,True
2026-09-19 12:34:17.970946,665.06,0,10,True
2026-09-19 12:34:19.030819,665.91,0,10,True
2026-09-19 12:34:20.071408,665.23,0,10,True
2026-09-19 12:34:21.182285,665.61,0,10,True
2026-09-19 12:34:22.203356,664.0,0,10,True
2026-09-19 12:34:23.192436,664.57,0,10,True
2026-09-19 12:34:24.305279,663.91,0,10,True
2026-09-19 12:34:25.311887,665.62,0,10,True
2026-09-19 12:34:26.285879,663.44,0,10,True
2026-09-19 12:34:27.394739,664.87,0,10,True
2026-09-19 12:34:28.373061,667.3,0,10,True
2026-09-19 12:34:29.830932,665.77,0,10,True
2026-09-19 12:34:30.853224,664.9,0,10,True
2026-09-19 12:34:31.797647,663.1,0,10,True
2026-09-19 12:34:33.134312,665.72,0,10,True
2026-09-19 12:34:34.122958,664.71,0,10,True
2026-09-19 12:34:35.424919,665.01,0,10,True
2026-09-19 12:34:36.436418,663.71,0,10,True
2026-09-19 12:34:37.589668,665.11,0,10,True
2026-09-19 12:34:38.581766,665.17,0,10,True
2026-09-19 12:34:39.618794,665.34,0,10,True
2026-09-19 12:34:40.624806,663.19,0,10,True
2026-09-19 12:34:41.587939,664.96,0,10,True
2026-09-19 12:34:42.730464,664.02,0,10,True
2026-09-19 12:34:43.735059,664.64,0,10,True
2026-09-19 12:34:44.690811,664.12,0,10,True
2026-09-19 12:34:45.806439,664.72,0,10,True
2026-09-19 12:34:46.765440,665.15,0,10,True
2026-09-19 12:34:47.802240,665.61,0,10,True
2026-09-19 12:34:48.747675,664.59,0,10,True
2026-09-19 12:34:49.844283,664.94,0,10,True
2026-09-19 12:34:50.842549,665.4,0,10,True
2026-09-19 12:34:51.801435,663.28,0,10,True
2026-09-19 12:34:52.900112,665.13,0,10,True
2026-09-19 12:34:53.948026,664.8,0,10,True
2026-09-19 12:34:54.973941,663.62,0,10,True
2026-09-19 12:34:55.920813,664.97,0,10,True
2026-09-19 12:34:56.903703,662.13,0,10,True
2026-09-19 12:34:57.877426,663.82,0,10,True
2026-09-19 12:34:58.818002,664.64,0,10,True
2026-09-19 12:34:59.898164,664.46,0,10,True
2026-09-19 12:35:00.997987,664.45,0,10,True
2026-09-19 12:35:01.997331,666.31,0,10,True
2026-09-19 12:35:02.927613,664.72,0,10,True
2026-09-19 12:35:03.884228,665.54,0,10,True
2026-09-19 12:35:04.880801,663.9,0,10,True
2026-09-19 12:35:05.959278,663.54,0,10,True
2026-09-19 12:35:06.933163,666.25,0,10,True
2026-09-19 12:35:08.004698,665.03,0,10,True
2026-09-19 12:35:08.934017,664.59,0,10,True
2026-09-19 12:35:09.898428,665.14,0,10,True
2026-09-19 12:35:10.946920,664.7,0,10,True
2026-09-19 12:35:11.899193,664.16,0,10,True
2026-09-19 12:35:12.879319,664.28,0,10,True
2026-09-19 12:35:13.831202,665.25,0,10,True
2026-09-19 12:35:14.766137,665.48,0,10,True
2026-09-19 12:35:15.870525,662.56,0,10,True
2026-09-19 12:35:16.823296,664.44,0,10,True
2026-09-19 12:35:17.821735,665.49,0,10,True
2026-09-19 12:35:18.812438,664.03,0,10,True
2026-09-19 12:35:19.833974,664.73,0,10,True
2026-09-19 12:35:20.792303,662.1,0,10,True
2026-09-19 12:35:21.757105,664.21,0,10,True
2026-09-19 12:35:22.889601,664.88,0,10,True
2026-09-19 12:35:23.797573,665.01,0,10,True
2026-09-19 12:35:24.755863,664.92,0,10,True
2026-09-19 12:35:25.844454,664.04,0,10,True
2026-09-19 12:35:26.813280,665.57,0,10,True
2026-09-19 12:35:27.810594,664.41,0,10,True
2026-09-19 12:35:28.782085,665.73,0,10,True
2026-09-19 12:35:29.815559,663.07,0,10,True
2026-09-19 12:35:30.798352,665.03,0,10,True
2026-09-19 12:35:31.760057,664.6,0,10,True
2026-09-19 12:35:32.810705,665.18,0,10,True
2026-09-19 12:35:33.777810,664.66,0,10,True
2026-09-19 12:35:34.776776,664.1,0,10,True
2026-09-19 12:35:35.740684,662.37,0,10,True
2026-09-19 12:35:36.707548,665.87,0,10,True
2026-09-19 12:35:37.857302,664.62,0,10,True
2026-09-19 12:35:38.864141,664.02,0,10,True
2026-09-19 12:35:39.963368,665.52,0,10,True
2026-09-19 12:35:40.971422,664.89,0,10,True
2026-09-19 12:35:42.054029,665.01,0,10,True
2026-09-19 12:35:43.036831,665.46,0,10,True
2026-09-19 12:35:44.099613,664.57,0,10,True
2026-09-19 12:35:45.133176,665.34,0,10,True
2026-09-19 12:35:46.148489,664.68,0,10,True
2026-09-19 12:35:47.198785,665.4,0,10,True
2026-09-19 12:35:48.228760,665.55,0,10,True
2026-09-19 12:35:49.333147,665.72,0,10,True
2026-09-19 12:35:50.339895,665.06,0,10,True
2026-09-19 12:35:51.373071,665.97,0,10,True
2026-09-19 12:35:52.395685,664.6,0,10,True
2026-09-19 12:35:53.358800,666.34,0,10,True
2026-09-19 12:35:54.561075,665.54,0,10,True
2026-09-19 12:35:55.693041,664.77,0,10,True
2026-09-19 12:35:57.179129,664.58,0,10,True
2026-09-19 12:35:58.432743,664.36,0,10,True
2026-09-19 12:35:59.661881,663.69,0,10,True
2026-09-19 12:36:00.968378,665.83,0,10,True
2026-09-19 12:36:02.120447,665.23,0,10,True
2026-09-19 12:36:03.366123,664.37,0,10,True
2026-09-19 12:36:04.475672,663.42,0,10,True
2026-09-19 12:36:05.585257,665.01,0,10,True
2026-09-19 12:36:06.669049,664.64,0,10,True
2026-09-19 12:36:07.751135,665.51,0,10,True
2026-09-19 12:36:08.799463,665.83,0,10,True
2026-09-19 12:36:09.910152,664.75,0,10,True
2026-09-19 12:36:10.892633,663.82,0,10,True
2026-09-19 12:36:11.948666,664.56,0,10,True
2026-09-19 12:36:12.946624,663.16,0,10,True
2026-09-19 12:36:13.918335,664.01,0,10,True
2026-09-19 12:36:15.012393,662.8,0,10,True
2026-09-19 12:36:16.001277,664.69,0,10,True
2026-09-19 12:36:17.030678,663.68,0,10,True
2026-09-19 12:36:18.003599,664.02,0,10,True
2026-09-19 12:36:19.101357,662.87,0,10,True
2026-09-19 12:36:20.066430,664.87,0,10,True
2026-09-19 12:36:21.076797,665.25,0,10,True
2026-09-19 12:36:22.077184,665.46,0,10,True
2026-09-19 12:36:23.030255,665.82,0,10,True
2026-09-19 12:36:24.163305,663.7,0,10,True
2026-09-19 12:36:25.087061,665.96,0,10,True
2026-09-19 12:36:26.058387,663.66,0,10,True
2026-09-19 12:36:27.046144,664.59,0,10,True
2026-09-19 12:36:28.062386,665.83,0,10,True
2026-09-19 12:36:29.011350,664.91,0,10,True
2026-09-19 12:36:30.426975,664.99,0,10,True
2026-09-19 12:36:31.544604,665.48,0,10,True
2026-09-19 12:36:32.553679,664.27,0,10,True
2026-09-19 12:36:33.635970,665.94,0,10,True
2026-09-19 12:36:34.641691,664.06,0,10,True
2026-09-19 12:36:35.720103,663.21,0,10,True
2026-09-19 12:36:36.662249,665.16,0,10,True
2026-09-19 12:36:37.690363,663.66,0,10,True
2026-09-19 12:36:38.681168,664.95,0,10,True
2026-09-19 12:36:39.775529,662.69,0,10,True
2026-09-19 12:36:40.774702,663.24,0,10,True
2026-09-19 12:36:41.843301,663.37,0,10,True
2026-09-19 12:36:42.956929,665.35,0,10,True
2026-09-19 12:36:43.945144,663.33,0,10,True
2026-09-19 12:36:44.988272,666.12,0,10,True
2026-09-19 12:36:46.081212,664.2,0,10,True
2026-09-19 12:36:47.093254,665.1,0,10,True
2026-09-19 12:36:48.177061,664.97,0,10,True
2026-09-19 12:36:49.169862,665.56,0,10,True
2026-09-19 12:36:50.321588,663.69,0,10,True
2026-09-19 12:36:51.371286,664.93,0,10,True
2026-09-19 12:36:52.395988,664.83,0,10,True
2026-09-19 12:36:53.365093,665.41,0,10,True
2026-09-19 12:36:54.331576,665.14,0,10,True
2026-09-19 12:36:55.475031,664.64,0,10,True
2026-09-19 12:36:56.487098,664.06,0,10,True
2026-09-19 12:36:57.562802,665.02,0,10,True
2026-09-19 12:36:58.557557,664.49,0,10,True
2026-09-19 12:36:59.664597,665.36,0,10,True
2026-09-19 12:37:00.753617,663.06,0,10,True
2026-09-19 12:37:01.758787,665.29,0,10,True
2026-09-19 12:37:02.809774,663.13,0,10,True
2026-09-19 12:37:03.799096,662.93,0,10,True
2026-09-19 12:37:04.801807,664.55,0,10,True
2026-09-19 12:37:05.826405,665.59,0,10,True
2026-09-19 12:37:06.833089,663.49,0,10,True
2026-09-19 12:37:07.954406,664.01,0,10,True
2026-09-19 12:37:08.966349,665.4,0,10,True
2026-09-19 12:37:09.992698,665.22,0,10,True
2026-09-19 12:37:11.044782,663.14,0,10,True
2026-09-19 12:37:12.027568,664.82,0,10,True
2026-09-19 12:37:13.114854,665.21,0,10,True
2026-09-19 12:37:14.103091,664.3,0,10,True
2026-09-19 12:37:15.176903,663.7,0,10,True
2026-09-19 12:37:16.214098,662.88,0,10,True
2026-09-19 12:37:17.290594,665.83,0,10,True
2026-09-19 12:37:18.357007,663.81,0,10,True
2026-09-19 12:37:19.426725,664.03,0,10,True
2026-09-19 12:37:20.449212,664.91,0,10,True
2026-09-19 12:37:21.465016,666.7,0,10,True
2026-09-19 12:37:22.502844,663.88,0,10,True
2026-09-19 12:37:23.495200,664.44,0,10,True
2026-09-19 12:37:24.518385,663.43,0,10,True
2026-09-19 12:37:25.636456,665.8,0,10,True
2026-09-19 12:37:26.656129,664.48,0,10,True
2026-09-19 12:37:27.716810,664.91,0,10,True
2026-09-19 12:37:28.712063,664.18,0,10,True
2026-09-19 12:37:29.710676,665.26,0,10,True
2026-09-19 12:37:30.701716,663.79,0,10,True
2026-09-19 12:37:31.701928,665.31,0,10,True
2026-09-19 12:37:32.704334,665.48,0,10,True
2026-09-19 12:37:33.788178,664.34,0,10,True
2026-09-19 12:37:34.792225,663.6,0,10,True
2026-09-19 12:37:35.826575,664.64,0,10,True
2026-09-19 12:37:36.859954,664.57,0,10,True
2026-09-19 12:37:37.823851,665.15,0,10,True
2026-09-19 12:37:38.820697,664.09,0,10,True
2026-09-19 12:37:40.192155,665.07,0,10,True
2026-09-19 12:37:41.211109,665.45,0,10,True
2026-09-19 12:37:42.263403,665.18,0,10,True
2026-09-19 12:37:43.471924,664.49,0,10,True
2026-09-19 12:37:44.739428,666.66,0,10,True
2026-09-19 12:37:45.824037,665.07,0,10,True
2026-09-19 12:37:46.994426,665.73,0,10,True
2026-09-19 12:37:48.025430,665.28,0,10,True
2026-09-19 12:37:49.027935,663.78,0,10,True
2026-09-19 12:37:50.174015,665.66,0,10,True
2026-09-19 12:37:51.181074,664.61,0,10,True
2026-09-19 12:37:52.224594,665.62,0,10,True
2026-09-19 12:37:53.284760,665.29,0,10,True
2026-09-19 12:37:54.306812,664.21,0,10,True
2026-09-19 12:37:55.504521,664.49,0,10,True
2026-09-19 12:37:56.357641,664.9,0,10,True
2026-09-19 12:37:57.055653,663.13,0,10,True
2026-09-19 12:37:57.918638,665.26,0,10,True
2026-09-19 12:37:58.991511,665.84,0,10,True
2026-09-19 12:38:00.031725,664.12,0,10,True
2026-09-19 12:38:01.172550,664.92,0,10,True
2026-09-19 12:38:02.187668,664.02,0,10,True
2026-09-19 12:38:03.167871,663.62,0,10,True
2026-09-19 12:38:04.134001,665.53,0,10,True
2026-09-19 12:38:05.168531,663.98,0,10,True
2026-09-19 12:38:06.284844,664.48,0,10,True
2026-09-19 12:38:07.303452,664.42,0,10,True
2026-09-19 12:38:08.333079,664.57,0,10,True
2026-09-19 12:38:09.371064,664.06,0,10,True
2026-09-19 12:38:10.383018,663.33,0,10,True
2026-09-19 12:38:11.518849,665.5,0,10,True
2026-09-19 12:38:12.561443,663.49,0,10,True
2026-09-19 12:38:13.586521,665.66,0,10,True
2026-09-19 12:38:14.694080,664.22,0,10,True
2026-09-19 12:38:15.706954,664.76,0,10,True
2026-09-19 12:38:16.705576,663.79,0,10,True
2026-09-19 12:38:17.873287,664.17,0,10,True
2026-09-19 12:38:18.898329,665.18,0,10,True
2026-09-19 12:38:19.953187,664.6,0,10,True
2026-09-19 12:38:20.982807,665.74,0,10,True
2026-09-19 12:38:21.966320,664.18,0,10,True
2026-09-19 12:38:23.033191,665.86,0,10,True
2026-09-19 12:38:24.074486,664.65,0,10,True
2026-09-19 12:38:25.077254,665.53,0,10,True
2026-09-19 12:38:26.166213,664.31,0,10,True
2026-09-19 12:38:27.190306,664.71,0,10,True
2026-09-19 12:38:28.305465,664.87,0,10,True
2026-09-19 12:38:29.328231,666.5,0,10,True
2026-09-19 12:38:30.313079,662.89,0,10,True
2026-09-19 12:38:31.317999,664.82,0,10,True
2026-09-19 12:38:32.373685,665.11,0,10,True
2026-09-19 12:38:33.371417,664.61,0,10,True
2026-09-19 12:38:34.450620,664.32,0,10,True
2026-09-19 12:38:35.480618,664.27,0,10,True
2026-09-19 12:38:36.542601,664.91,0,10,True
2026-09-19 12:38:37.586596,665.91,0,10,True
2026-09-19 12:38:38.623927,664.71,0,10,True
2026-09-19 12:38:39.706344,665.29,0,10,True
2026-09-19 12:38:40.700948,662.23,0,10,True
2026-09-19 12:38:41.656949,664.34,0,10,True
2026-09-19 12:38:42.715676,665.04,0,10,True
2026-09-19 12:38:43.728697,664.86,0,10,True
2026-09-19 12:38:44.783769,663.41,0,10,True
2026-09-19 12:38:45.762576,665.71,0,10,True
2026-09-19 12:38:46.706263,665.5,0,10,True
2026-09-19 12:38:47.691739,666.21,0,10,True
2026-09-19 12:38:48.710058,665.54,0,10,True
2026-09-19 12:38:49.680748,664.46,0,10,True
2026-09-19 12:38:50.778036,665.27,0,10,True
2026-09-19 12:38:51.805355,664.95,0,10,True
2026-09-19 12:38:52.718378,663.98,0,10,True
2026-09-19 12:38:53.513372,665.69,0,10,True
2026-09-19 12:38:54.272865,663.43,0,10,True
2026-09-19 12:38:55.055707,664.23,0,10,True
2026-09-19 12:38:56.056409,665.73,0,10,True
2026-09-19 12:38:57.015305,663.0,0,10,True
2026-09-19 12:38:57.972959,665.46,0,10,True
2026-09-19 12:38:58.974808,664.26,0,10,True
2026-09-19 12:38:59.989098,664.99,0,10,True
2026-09-19 12:39:01.130334,662.34,0,10,True
2026-09-19 12:39:02.107536,664.77,0,10,True
2026-09-19 12:39:03.088812,665.24,0,10,True
2026-09-19 12:39:04.141446,664.52,0,10,True
2026-09-19 12:39:05.126916,664.54,0,10,True
2026-09-19 12:39:06.185325,665.17,0,10,True
2026-09-19 12:39:07.180881,664.49,0,10,True
2026-09-19 12:39:08.143338,665.7,0,10,True
2026-09-19 12:39:09.156174,665.4,0,10,True
2026-09-19 12:39:10.121814,663.9,0,10,True
2026-09-19 12:39:11.073782,663.16,0,10,True
2026-09-19 12:39:12.112932,665.86,0,10,True
2026-09-19 12:39:13.100703,666.24,0,10,True
2026-09-19 12:39:14.171031,662.7,0,10,True
2026-09-19 12:39:15.201947,663.68,0,10,True
2026-09-19 12:39:16.228265,664.6,0,10,True
2026-09-19 12:39:17.211864,664.46,0,10,True
2026-09-19 12:39:18.237781,665.05,0,10,True
2026-09-19 12:39:19.193441,665.41,0,10,True
2026-09-19 12:39:20.250171,665.5,0,10,True
2026-09-19 12:39:21.277550,663.25,0,10,True
2026-09-19 12:39:22.314140,665.17,0,10,True
2026-09-19 12:39:23.418519,664.21,0,10,True
2026-09-19 12:39:24.364302,663.63,0,10,True
2026-09-19 12:39:25.411582,665.37,0,10,True
2026-09-19 12:39:26.414121,663.11,0,10,True
2026-09-19 12:39:27.391409,665.83,0,10,True
2026-09-19 12:39:28.347455,664.5,0,10,True
2026-09-19 12:39:29.371754,666.24,0,10,True
2026-09-19 12:39:30.342235,664.01,0,10,True
2026-09-19 12:39:31.309312,664.37,0,10,True
2026-09-19 12:39:32.338461,665.11,0,10,True
2026-09-19 12:39:33.356215,662.62,0,10,True
2026-09-19 12:39:34.318945,664.09,0,10,True
2026-09-19 12:39:35.283744,664.91,0,10,True
2026-09-19 12:39:36.294735,664.61,0,10,True
2026-09-19 12:39:37.374986,664.8,0,10,True
2026-09-19 12:39:38.348978,664.6,0,10,True
2026-09-19 12:39:39.338282,664.99,0,10,True
2026-09-19 12:39:40.394604,665.17,0,10,True
2026-09-19 12:39:41.370988,663.15,0,10,True
2026-09-19 12:39:42.334936,665.98,0,10,True
2026-09-19 12:39:43.378679,664.8,0,10,True
2026-09-19 12:39:44.417072,664.26,0,10,True
2026-09-19 12:39:45.418043,664.05,0,10,True
2026-09-19 12:39:46.601207,663.71,0,10,True
2026-09-19 12:39:47.576813,664.28,0,10,True
2026-09-19 12:39:48.606538,662.6,0,10,True
2026-09-19 12:39:49.551085,664.18,0,10,True
2026-09-19 12:39:50.566107,662.3,0,10,True
2026-09-19 12:39:51.551456,666.25,0,10,True
2026-09-19 12:39:52.609485,665.88,0,10,True
2026-09-19 12:39:53.704053,665.12,0,10,True
2026-09-19 12:39:54.678224,663.9,0,10,True
2026-09-19 12:39:55.682415,665.0,0,10,True
2026-09-19 12:39:56.776161,663.82,0,10,True
2026-09-19 12:39:57.752943,663.78,0,10,True
2026-09-19 12:39:58.702099,664.59,0,10,True
2026-09-19 12:39:59.744757,665.99,0,10,True
2026-09-19 12:40:00.768164,665.04,0,10,True
2026-09-19 12:40:01.737530,664.02,0,10,True
2026-09-19 12:40:02.871435,666.11,0,10,True
2026-09-19 12:40:03.874362,666.1,0,10,True
2026-09-19 12:40:04.941209,665.77,0,10,True
2026-09-19 12:40:06.389172,665.04,0,10,True
2026-09-19 12:40:07.476211,662.88,0,10,True
2026-09-19 12:40:08.712042,664.83,0,10,True
2026-09-19 12:40:09.694564,664.87,0,10,True
2026-09-19 12:40:10.762093,665.96,0,10,True
2026-09-19 12:40:11.984405,664.41,0,10,True
2026-09-19 12:40:12.990375,665.21,0,10,True
2026-09-19 12:40:13.955314,663.62,0,10,True
2026-09-19 12:40:14.922663,664.13,0,10,True
2026-09-19 12:40:15.972229,664.76,0,10,True
2026-09-19 12:40:16.933148,665.78,0,10,True
2026-09-19 12:40:18.009219,664.77,0,10,True
2026-09-19 12:40:19.019390,665.6,0,10,True
2026-09-19 12:40:20.051350,665.21,0,10,True
2026-09-19 12:40:21.130907,665.03,0,10,True
2026-09-19 12:40:22.115038,662.12,0,10,True
2026-09-19 12:40:23.101548,663.79,0,10,True
2026-09-19 12:40:24.166198,664.62,0,10,True
2026-09-19 12:40:25.212339,664.85,0,10,True
2026-09-19 12:40:26.175554,664.77,0,10,True
2026-09-19 12:40:27.236222,664.32,0,10,True
2026-09-19 12:40:28.244534,665.5,0,10,True
2026-09-19 12:40:29.272111,665.79,0,10,True
2026-09-19 12:40:30.225360,665.54,0,10,True
2026-09-19 12:40:31.222840,665.81,0,10,True
2026-09-19 12:40:32.212687,666.23,0,10,True
2026-09-19 12:40:33.246412,666.5,0,10,True
2026-09-19 12:40:34.260775,663.22,0,10,True
2026-09-19 12:40:35.213221,662.8,0,10,True
2026-09-19 12:40:36.324369,665.36,0,10,True
2026-09-19 12:40:37.302970,663.77,0,10,True
2026-09-19 12:40:38.244803,663.65,0,10,True
2026-09-19 12:40:39.206848,664.85,0,10,True
2026-09-19 12:40:40.196034,664.64,0,10,True
2026-09-19 12:40:41.164219,664.45,0,10,True
2026-09-19 12:40:42.124318,665.48,0,10,True
2026-09-19 12:40:43.245885,662.82,0,10,True
2026-09-19 12:40:44.239422,665.6,0,10,True
2026-09-19 12:40:45.256725,665.97,0,10,True
2026-09-19 12:40:46.324630,664.59,0,10,True
2026-09-19 12:40:47.296859,665.72,0,10,True
2026-09-19 12:40:48.289052,664.78,0,10,True
2026-09-19 12:40:49.298283,665.83,0,10,True
2026-09-19 12:40:50.401919,664.67,0,10,True
2026-09-19 12:40:51.404248,666.52,0,10,True
2026-09-19 12:40:52.375299,664.66,0,10,True
2026-09-19 12:40:53.418635,665.66,0,10,True
2026-09-19 12:40:54.523500,666.32,0,10,True
2026-09-19 12:40:55.529161,663.96,0,10,True
2026-09-19 12:40:56.513395,665.86,0,10,True
2026-09-19 12:40:57.531779,663.22,0,10,True
2026-09-19 12:40:58.536970,664.51,0,10,True
2026-09-19 12:40:59.602337,664.17,0,10,True
2026-09-19 12:41:00.631089,665.27,0,10,True
2026-09-19 12:41:01.652607,664.21,0,10,True
2026-09-19 12:41:02.643557,664.6,0,10,True
2026-09-19 12:41:03.737974,663.25,0,10,True
2026-09-19 12:41:04.872370,665.86,0,10,True
2026-09-19 12:41:05.899975,662.75,0,10,True
2026-09-19 12:41:06.897711,665.26,0,10,True
2026-09-19 12:41:07.896948,665.0,0,10,True
2026-09-19 12:41:09.004090,665.48,0,10,True
2026-09-19 12:41:10.042541,664.11,0,10,True
2026-09-19 12:41:11.040652,664.9,0,10,True
2026-09-19 12:41:12.016131,665.07,0,10,True
2026-09-19 12:41:12.984005,664.27,0,10,True
2026-09-19 12:41:14.000891,664.43,0,10,True
2026-09-19 12:41:15.028733,663.25,0,10,True
2026-09-19 12:41:16.024715,664.51,0,10,True
2026-09-19 12:41:17.044306,664.52,0,10,True
2026-09-19 12:41:18.085172,664.18,0,10,True
2026-09-19 12:41:19.093189,663.6,0,10,True
2026-09-19 12:41:20.074206,665.05,0,10,True
2026-09-19 12:41:21.110016,665.45,0,10,True
2026-09-19 12:41:22.140344,664.43,0,10,True
2026-09-19 12:41:23.128306,663.13,0,10,True
2026-09-19 12:41:24.144114,665.38,0,10,True
2026-09-19 12:41:25.137197,665.93,0,10,True
2026-09-19 12:41:26.138841,664.17,0,10,True
2026-09-19 12:41:27.143306,663.94,0,10,True
2026-09-19 12:41:28.282624,663.94,0,10,True
2026-09-19 12:41:29.320503,663.61,0,10,True
2026-09-19 12:41:30.320851,664.85,0,10,True
2026-09-19 12:41:31.360296,665.33,0,10,True
2026-09-19 12:41:32.342883,664.7,0,10,True
2026-09-19 12:41:33.340937,664.63,0,10,True
2026-09-19 12:41:34.336341,665.16,0,10,True
2026-09-19 12:41:35.328232,664.48,0,10,True
2026-09-19 12:41:36.494580,664.96,0,10,True
2026-09-19 12:41:37.494504,663.66,0,10,True
2026-09-19 12:41:38.500174,667.12,0,10,True
2026-09-19 12:41:39.517376,665.23,0,10,True
2026-09-19 12:41:40.630166,664.57,0,10,True
2026-09-19 12:41:41.581932,664.96,0,10,True
2026-09-19 12:41:42.623370,664.64,0,10,True
2026-09-19 12:41:43.665338,664.92,0,10,True
2026-09-19 12:41:44.664502,663.7,0,10,True
2026-09-19 12:41:45.589836,665.86,0,10,True
2026-09-19 12:41:46.614853,664.16,0,10,True
2026-09-19 12:41:47.602555,666.11,0,10,True
2026-09-19 12:41:48.651746,664.46,0,10,True
2026-09-19 12:41:49.609595,665.95,0,10,True
2026-09-19 12:41:50.597098,664.08,0,10,True
2026-09-19 12:41:51.406829,666.25,0,10,True
2026-09-19 12:41:52.205813,663.69,0,10,True
2026-09-19 12:41:53.144908,664.35,0,10,True
2026-09-19 12:41:53.951861,664.54,0,10,True
2026-09-19 12:41:54.793715,664.26,0,10,True
2026-09-19 12:41:55.840635,665.83,0,10,True
2026-09-19 12:41:56.849477,663.82,0,10,True
2026-09-19 12:41:57.839302,665.72,0,10,True
2026-09-19 12:41:58.970822,663.38,0,10,True
2026-09-19 12:41:59.977572,665.43,0,10,True
2026-09-19 12:42:00.966806,663.52,0,10,True
2026-09-19 12:53:20.514317,664.87,0,10,True
2026-09-19 12:53:20.815387,664.87,0,10,True
2026-09-19 12:53:21.213857,664.87,0,10,True
2026-09-19 12:53:21.626029,664.87,0,10,True
2026-09-19 12:53:22.036729,664.87,0,10,True
2026-09-19 12:53:22.437211,664.87,0,10,True
2026-09-19 12:53:22.815828,664.87,0,10,True
2026-09-19 12:53:23.225277,664.87,0,10,True
2026-09-19 13:04:11.228966,664.87,0,10,True
2026-09-19 13:04:11.865038,664.87,0,10,True
2026-09-19 13:04:12.723731,664.87,0,10,True
2026-09-19 13:04:13.605280,664.87,0,10,True
2026-09-19 13:04:14.460236,664.87,0,10,True
2026-09-19 13:19:33.378845,664.87,0,10,True
2026-09-19 13:19:34.085748,664.87,0,10,True
2026-09-19 13:19:34.584372,664.87,0,10,True
2026-09-19 13:19:35.045462,664.87,0,10,True
2026-09-19 13:19:43.246401,664.87,0,10,True
2026-09-19 13:19:44.104587,664.87,0,10,True
2026-09-19 13:19:45.012650,664.87,0,10,True
2026-09-19 13:19:45.951122,664.87,0,10,True
2026-09-19 13:19:46.795662,664.87,0,10,True
2026-09-19 13:19:47.668857,664.87,0,10,True
2026-09-19 13:19:48.538916,664.87,0,10,True
2026-09-19 13:19:49.319564,664.87,0,10,True
2026-09-19 13:19:50.119994,664.87,0,10,True
2026-09-19 13:19:50.988089,664.87,0,10,True
2026-09-19 13:19:51.883753,664.87,0,10,True
2026-09-19 13:19:52.784449,664.87,0,10,True
2026-09-19 13:19:53.712355,664.87,0,10,True
2026-09-19 13:19:54.633600,664.87,0,10,True
2026-09-19 13:19:55.573850,664.87,0,10,True
2026-09-19 13:19:56.415536,664.87,0,10,True
2026-09-19 13:19:57.195732,664.87,0,10,True
2026-09-19 13:19:57.853717,664.87,0,10,True
2026-09-19 13:19:58.543886,664.87,0,10,True
2026-09-19 13:19:59.086926,664.87,0,10,True
2026-09-19 13:19:59.960470,664.87,0,10,True
2026-09-19 13:20:00.810440,664.87,0,10,True
2026-09-19 13:20:01.581685,664.87,0,10,True
2026-09-19 13:20:02.438974,664.87,0,10,True
2026-09-19 13:20:03.299228,664.87,0,10,True
2026-09-19 13:20:04.167464,664.87,0,10,True
2026-09-19 13:20:05.019044,664.87,0,10,True
2026-09-19 13:20:05.810600,664.87,0,10,True
2026-09-19 13:20:06.679010,664.87,0,10,True
2026-09-19 13:20:07.493121,664.87,0,10,True
2026-09-19 13:20:08.319646,664.87,0,10,True
2026-09-19 13:20:09.145370,664.87,0,10,True
2026-09-19 13:20:09.989524,664.87,0,10,True
2026-09-19 13:20:10.842315,664.87,0,10,True
2026-09-19 13:20:11.703929,664.87,0,10,True
2026-09-19 13:20:12.504945,664.87,0,10,True
2026-09-19 13:20:13.280038,664.87,0,10,True
2026-09-19 13:20:14.106991,664.87,0,10,True
2026-09-19 13:20:14.960837,664.87,0,10,True
2026-09-19 13:20:15.816797,664.87,0,10,True
2026-09-19 13:20:16.634908,664.87,0,10,True
2026-09-19 13:20:17.461424,664.87,0,10,True
2026-09-19 13:20:18.251939,664.87,0,10,True
2026-09-19 13:20:19.080540,664.87,0,10,True
2026-09-19 13:20:19.927486,664.87,0,10,True
2026-09-19 13:20:20.795765,664.87,0,10,True
2026-09-19 13:20:21.668830,664.87,0,10,True
2026-09-19 13:20:22.539091,664.87,0,10,True
2026-09-19 13:20:23.378562,664.87,0,10,True
2026-09-19 13:20:24.171552,664.87,0,10,True
2026-09-19 13:20:25.016054,664.87,0,10,True
2026-09-19 13:20:25.793472,664.87,0,10,True
2026-09-19 13:20:26.625856,664.87,0,10,True
2026-09-19 13:20:27.490398,664.87,0,10,True
2026-09-19 13:20:28.132989,664.87,0,10,True
2026-09-19 13:20:28.915387,664.87,0,10,True
2026-09-19 13:20:29.688933,664.87,0,10,True
2026-09-19 13:20:30.531904,664.87,0,10,True
2026-09-19 13:20:31.327110,664.87,0,10,True
2026-09-19 13:20:32.220002,664.87,0,10,True
2026-09-19 13:20:33.086330,664.87,0,10,True
2026-09-19 13:20:33.978267,664.87,0,10,True
2026-09-19 13:20:34.832814,664.87,0,10,True
2026-09-19 13:20:35.676218,664.87,0,10,True
2026-09-19 13:20:36.511548,664.87,0,10,True
2026-09-19 13:20:37.329873,664.87,0,10,True
2026-09-19 13:20:38.129222,664.87,0,10,True
2026-09-19 13:20:38.961546,664.87,0,10,True
2026-09-19 13:20:39.776634,664.87,0,10,True
2026-09-19 13:20:40.629506,664.87,0,10,True
2026-09-19 13:20:41.479321,664.87,0,10,True
2026-09-19 13:20:42.325664,664.87,0,10,True
2026-09-19 13:20:43.155927,664.87,0,10,True
2026-09-19 13:20:44.005021,664.87,0,10,True
2026-09-19 13:20:44.837196,664.87,0,10,True
2026-09-19 13:20:45.696534,664.87,0,10,True
2026-09-19 13:20:46.534992,664.87,0,10,True
2026-09-19 13:20:47.395184,664.87,0,10,True
2026-09-19 13:20:48.228997,664.87,0,10,True
2026-09-19 13:20:49.052446,664.87,0,10,True
2026-09-19 13:20:49.874213,664.87,0,10,True
2026-09-19 13:20:50.686413,664.87,0,10,True
2026-09-19 13:20:51.512799,664.87,0,10,True
2026-09-19 13:20:52.334150,664.87,0,10,True
2026-09-19 13:20:53.189161,664.87,0,10,True
2026-09-19 13:20:54.017585,664.87,0,10,True
2026-09-19 13:20:54.928098,664.87,0,10,True
2026-09-19 13:20:55.707106,664.87,0,10,True
2026-09-19 13:20:56.522975,664.87,0,10,True
2026-09-19 13:20:57.392053,664.87,0,10,True
2026-09-19 13:20:58.219630,664.87,0,10,True
2026-09-19 13:20:58.957916,664.87,0,10,True
2026-09-19 13:20:59.812554,664.87,0,10,True
2026-09-19 13:21:00.654301,664.87,0,10,True
2026-09-19 13:21:01.383644,664.87,0,10,True
2026-09-19 13:21:02.214172,664.87,0,10,True
2026-09-19 13:21:03.078715,664.87,0,10,True
2026-09-19 13:21:03.870316,664.87,0,10,True
2026-09-19 13:21:04.710496,664.87,0,10,True
2026-09-19 13:21:05.518750,664.87,0,10,True
2026-09-19 13:21:06.244721,664.87,0,10,True
2026-09-19 13:21:07.087182,664.87,0,10,True
2026-09-19 13:21:07.877537,664.87,0,10,True
2026-09-19 13:21:08.674386,664.87,0,10,True
2026-09-19 13:21:09.514794,664.87,0,10,True
2026-09-19 13:21:10.338089,664.87,0,10,True
2026-09-19 13:21:11.152897,664.87,0,10,True
2026-09-19 13:21:11.982750,664.87,0,10,True
2026-09-19 13:21:12.779215,664.87,0,10,True
2026-09-19 13:21:13.625212,664.87,0,10,True
2026-09-19 13:21:14.447660,664.87,0,10,True
2026-09-19 13:21:15.217026,664.87,0,10,True
2026-09-19 13:21:16.052443,664.87,0,10,True
2026-09-19 13:21:16.850996,664.87,0,10,True
2026-09-19 13:21:17.585711,664.87,0,10,True
2026-09-19 13:21:18.427806,664.87,0,10,True
2026-09-19 13:21:19.209413,664.87,0,10,True
2026-09-19 13:21:20.021752,664.87,0,10,True
2026-09-19 13:21:20.857927,664.87,0,10,True
2026-09-19 13:21:21.657763,664.87,0,10,True
2026-09-19 13:21:22.472873,664.87,0,10,True
2026-09-19 13:21:23.323828,664.87,0,10,True
2026-09-19 13:21:24.144650,664.87,0,10,True
2026-09-19 13:21:24.918882,664.87,0,10,True
2026-09-19 13:21:25.747777,664.87,0,10,True
2026-09-19 13:21:26.567940,664.87,0,10,True
2026-09-19 13:21:27.397679,664.87,0,10,True
2026-09-19 13:21:28.220882,664.87,0,10,True
2026-09-19 13:21:29.043730,664.87,0,10,True
2026-09-19 13:21:29.873717,664.87,0,10,True
2026-09-19 13:21:30.713584,664.87,0,10,True
2026-09-19 13:21:31.493537,664.87,0,10,True
2026-09-19 13:21:32.307419,664.87,0,10,True
2026-09-19 13:21:33.162338,664.87,0,10,True
2026-09-19 13:21:34.042637,664.87,0,10,True
2026-09-19 13:21:34.879431,664.87,0,10,True
2026-09-19 13:21:35.688053,664.87,0,10,True
2026-09-19 13:21:36.524010,664.87,0,10,True
2026-09-19 13:21:37.365335,664.87,0,10,True
2026-09-19 13:21:38.248976,664.87,0,10,True
2026-09-19 13:21:39.065656,664.87,0,10,True
2026-09-19 13:21:39.861815,664.87,0,10,True
2026-09-19 13:21:40.699016,664.87,0,10,True
2026-09-19 13:21:41.533938,664.87,0,10,True
2026-09-19 13:21:42.359890,664.87,0,10,True
2026-09-19 13:21:43.202448,664.87,0,10,True
2026-09-19 13:21:44.037222,664.87,0,10,True
2026-09-19 13:21:44.861178,664.87,0,10,True
2026-09-19 13:21:45.698249,664.87,0,10,True
2026-09-19 13:21:46.497415,664.87,0,10,True
2026-09-19 13:21:47.307951,664.87,0,10,True
2026-09-19 13:21:48.138279,664.87,0,10,True
2026-09-19 13:21:48.890537,664.87,0,10,True
2026-09-19 13:21:49.660371,664.87,0,10,True
2026-09-19 13:21:50.505719,664.87,0,10,True
2026-09-19 13:21:51.324280,664.87,0,10,True
2026-09-19 13:21:52.147940,664.87,0,10,True
2026-09-19 13:21:52.992256,664.87,0,10,True
2026-09-19 13:21:53.785799,664.87,0,10,True
2026-09-19 13:21:54.596215,664.87,0,10,True
2026-09-19 13:21:55.438063,664.87,0,10,True
2026-09-19 13:21:56.288004,664.87,0,10,True
2026-09-19 13:21:57.115622,664.87,0,10,True
2026-09-19 13:21:57.966678,664.87,0,10,True
2026-09-19 13:21:58.788289,664.87,0,10,True
2026-09-19 13:21:59.535461,664.87,0,10,True
2026-09-19 13:22:00.364537,664.87,0,10,True
2026-09-19 13:22:01.165649,664.87,0,10,True
2026-09-19 13:22:01.997133,664.87,0,10,True
2026-09-19 13:22:02.824296,664.87,0,10,True
2026-09-19 13:22:03.618616,664.87,0,10,True
2026-09-19 13:22:04.453584,664.87,0,10,True
2026-09-19 13:22:05.312354,664.87,0,10,True
2026-09-19 13:22:06.144205,664.87,0,10,True
2026-09-19 13:22:06.979607,664.87,0,10,True
2026-09-19 13:22:07.817749,664.87,0,10,True
2026-09-19 13:22:08.592546,664.87,0,10,True
2026-09-19 13:22:09.384655,664.87,0,10,True
2026-09-19 13:22:10.215793,664.87,0,10,True
2026-09-19 13:22:11.051539,664.87,0,10,True
2026-09-19 13:22:11.843236,664.87,0,10,True
2026-09-19 13:22:12.686625,664.87,0,10,True
2026-09-19 13:22:13.530301,664.87,0,10,True
2026-09-19 13:22:14.368628,664.87,0,10,True
2026-09-19 13:22:15.221138,664.87,0,10,True
2026-09-19 13:22:16.022661,664.87,0,10,True
2026-09-19 13:22:16.663513,664.87,0,10,True
2026-09-19 13:22:17.438520,664.87,0,10,True
2026-09-19 13:22:18.297858,664.87,0,10,True
2026-09-19 13:22:19.159105,664.87,0,10,True
2026-09-19 13:22:20.004936,664.87,0,10,True
2026-09-19 13:22:20.885862,664.87,0,10,True
2026-09-19 13:22:21.744286,664.87,0,10,True
2026-09-19 13:22:22.596318,664.87,0,10,True
2026-09-19 13:22:23.452973,664.87,0,10,True
2026-09-19 13:22:24.304639,664.87,0,10,True
2026-09-19 13:22:25.175695,664.87,0,10,True
2026-09-19 13:22:26.023719,664.87,0,10,True
2026-09-19 13:22:26.859935,664.87,0,10,True
2026-09-19 13:22:27.730557,664.87,0,10,True
2026-09-19 13:22:28.582116,664.87,0,10,True
2026-09-19 13:22:29.447961,664.87,0,10,True
2026-09-19 13:22:30.317786,664.87,0,10,True
2026-09-19 13:22:31.167306,664.87,0,10,True
2026-09-19 13:22:31.907617,664.87,0,10,True
2026-09-19 13:22:32.789270,664.87,0,10,True
2026-09-19 13:22:33.681243,664.87,0,10,True
2026-09-19 13:22:34.525985,664.87,0,10,True
2026-09-19 13:22:35.402388,664.87,0,10,True
2026-09-19 13:22:36.187413,664.87,0,10,True
2026-09-19 13:22:36.851297,664.87,0,10,True
2026-09-19 13:22:37.629525,664.87,0,10,True
2026-09-19 13:22:38.488425,664.87,0,10,True
2026-09-19 13:22:39.249513,664.87,0,10,True
2026-09-19 13:22:40.098744,664.87,0,10,True
2026-09-19 13:22:40.901536,664.87,0,10,True
2026-09-19 13:22:41.736453,664.87,0,10,True
2026-09-19 13:22:42.566423,664.87,0,10,True
2026-09-19 13:22:43.396464,664.87,0,10,True
2026-09-19 13:22:44.219009,664.87,0,10,True
2026-09-19 13:22:45.062593,664.87,0,10,True
2026-09-19 13:22:45.872197,664.87,0,10,True
2026-09-19 13:22:46.669218,664.87,0,10,True
2026-09-19 13:22:47.496661,664.87,0,10,True
2026-09-19 13:22:48.314117,664.87,0,10,True
2026-09-19 13:22:49.137304,664.87,0,10,True
2026-09-19 13:22:49.966701,664.87,0,10,True
2026-09-19 13:22:50.783059,664.87,0,10,True
2026-09-19 13:22:51.609722,664.87,0,10,True
2026-09-19 13:22:52.442150,664.87,0,10,True
2026-09-19 13:22:53.245239,664.87,0,10,True
2026-09-19 13:22:54.068340,664.87,0,10,True
2026-09-19 13:22:54.966337,664.87,0,10,True
2026-09-19 13:22:55.783062,664.87,0,10,True
2026-09-19 13:22:56.615408,664.87,0,10,True
2026-09-19 13:22:57.437587,664.87,0,10,True
2026-09-19 13:22:58.268658,664.87,0,10,True
2026-09-19 13:22:59.109812,664.87,0,10,True
2026-09-19 13:22:59.943993,664.87,0,10,True
2026-09-19 13:23:00.779907,664.87,0,10,True
2026-09-19 13:23:01.578779,664.87,0,10,True
2026-09-19 13:23:02.402688,664.87,0,10,True
2026-09-19 13:23:03.204452,664.87,0,10,True
2026-09-19 13:23:04.038680,664.87,0,10,True
2026-09-19 13:23:04.877728,664.87,0,10,True
2026-09-19 13:23:05.673529,664.87,0,10,True
2026-09-19 13:23:06.491251,664.87,0,10,True
2026-09-19 13:23:07.302769,664.87,0,10,True
2026-09-19 13:23:08.132401,664.87,0,10,True
2026-09-19 13:23:08.959835,664.87,0,10,True
2026-09-19 13:23:09.801995,664.87,0,10,True
2026-09-19 13:23:10.611147,664.87,0,10,True
2026-09-19 13:23:11.444251,664.87,0,10,True
2026-09-19 13:23:12.264010,664.87,0,10,True
2026-09-19 13:23:13.096016,664.87,0,10,True
2026-09-19 13:23:13.885026,664.87,0,10,True
2026-09-19 13:23:14.721021,664.87,0,10,True
2026-09-19 13:23:15.567971,664.87,0,10,True
2026-09-19 13:23:16.402396,664.87,0,10,True
2026-09-19 13:23:17.241340,664.87,0,10,True
2026-09-19 13:23:18.052619,664.87,0,10,True
2026-09-19 13:23:18.885277,664.87,0,10,True
2026-09-19 13:23:19.725457,664.87,0,10,True
2026-09-19 13:23:20.545308,664.87,0,10,True
2026-09-19 13:23:21.341459,664.87,0,10,True
2026-09-19 13:23:22.189989,664.87,0,10,True
2026-09-19 13:23:23.009518,664.87,0,10,True
2026-09-19 13:23:23.845797,664.87,0,10,True
2026-09-19 13:23:24.706995,664.87,0,10,True
2026-09-19 13:23:25.549877,664.87,0,10,True
2026-09-19 13:23:26.392950,664.87,0,10,True
2026-09-19 13:23:27.271354,664.87,0,10,True
2026-09-19 13:23:28.099868,664.87,0,10,True
2026-09-19 13:23:28.918253,664.87,0,10,True
2026-09-19 13:23:29.777503,664.87,0,10,True
2026-09-19 13:23:30.616561,664.87,0,10,True
2026-09-19 13:23:31.460617,664.87,0,10,True
2026-09-19 13:23:32.293319,664.87,0,10,True
2026-09-19 13:23:33.179898,664.87,0,10,True
2026-09-19 13:23:34.080584,664.87,0,10,True
2026-09-19 13:23:34.940321,664.87,0,10,True
2026-09-19 13:23:35.845273,664.87,0,10,True
2026-09-19 13:23:36.727107,664.87,0,10,True
2026-09-19 13:23:37.551967,664.87,0,10,True
2026-09-19 13:23:38.347262,664.87,0,10,True
2026-09-19 13:23:39.168484,664.87,0,10,True
2026-09-19 13:23:39.887984,664.87,0,10,True
2026-09-19 13:23:40.682302,664.87,0,10,True
2026-09-19 13:23:41.482808,664.87,0,10,True
2026-09-19 13:23:42.203802,664.87,0,10,True
2026-09-19 13:23:43.094141,664.87,0,10,True
2026-09-19 13:23:43.929578,664.87,0,10,True
2026-09-19 13:23:44.779290,664.87,0,10,True
2026-09-19 13:23:45.628994,664.87,0,10,True
2026-09-19 13:23:46.463168,664.87,0,10,True
2026-09-19 13:23:47.304839,664.87,0,10,True
2026-09-19 13:23:48.122856,664.87,0,10,True
2026-09-19 13:23:48.979744,664.87,0,10,True
2026-09-19 13:23:49.819389,664.87,0,10,True
2026-09-19 13:23:50.649190,664.87,0,10,True
2026-09-19 13:23:51.490982,664.87,0,10,True
2026-09-19 13:23:52.321376,664.87,0,10,True
2026-09-19 13:23:53.158748,664.87,0,10,True
2026-09-19 13:23:53.993200,664.87,0,10,True
2026-09-19 13:23:54.852323,664.87,0,10,True
2026-09-19 13:23:55.661275,664.87,0,10,True
2026-09-19 13:23:56.489807,664.87,0,10,True
2026-09-19 13:23:57.301422,664.87,0,10,True
2026-09-19 13:23:58.096967,664.87,0,10,True
2026-09-19 13:23:58.946601,664.87,0,10,True
2026-09-19 13:23:59.752032,664.87,0,10,True
2026-09-19 13:24:00.593696,664.87,0,10,True
2026-09-19 13:24:01.437038,664.87,0,10,True
2026-09-19 13:24:02.273138,664.87,0,10,True
2026-09-19 13:24:03.088595,664.87,0,10,True
2026-09-19 13:24:03.941243,664.87,0,10,True
2026-09-19 13:24:04.797212,664.87,0,10,True
2026-09-19 13:24:05.636654,664.87,0,10,True
2026-09-19 13:24:06.480473,664.87,0,10,True
2026-09-19 13:24:07.318815,664.87,0,10,True
2026-09-19 13:24:08.149055,664.87,0,10,True
2026-09-19 13:24:08.994801,664.87,0,10,True
2026-09-19 13:24:09.821600,664.87,0,10,True
2026-09-19 13:24:10.649882,664.87,0,10,True
2026-09-19 13:24:11.488160,664.87,0,10,True
2026-09-19 13:24:12.298260,664.87,0,10,True
2026-09-19 13:24:13.120137,664.87,0,10,True
2026-09-19 13:24:13.957440,664.87,0,10,True
2026-09-19 13:24:14.783352,664.87,0,10,True
2026-09-19 13:24:15.569021,664.87,0,10,True
2026-09-19 13:24:16.412319,664.87,0,10,True
2026-09-19 13:24:17.240632,664.87,0,10,True
2026-09-19 13:24:18.076149,664.87,0,10,True
2026-09-19 13:24:18.919258,664.87,0,10,True
2026-09-19 13:24:19.773019,664.87,0,10,True
2026-09-19 13:24:20.635842,664.87,0,10,True
2026-09-19 13:24:21.473767,664.87,0,10,True
2026-09-19 13:24:22.294058,664.87,0,10,True
2026-09-19 13:24:23.132137,664.87,0,10,True
2026-09-19 13:24:23.959205,664.87,0,10,True
2026-09-19 13:24:24.785223,664.87,0,10,True
2026-09-19 13:24:25.621368,664.87,0,10,True
2026-09-19 13:24:26.447332,664.87,0,10,True
2026-09-19 13:24:27.272517,664.87,0,10,True
2026-09-19 13:24:28.121371,664.87,0,10,True
2026-09-19 13:24:28.942812,664.87,0,10,True
2026-09-19 13:24:29.792705,664.87,0,10,True
2026-09-19 13:24:30.632251,664.87,0,10,True
2026-09-19 13:24:31.453772,664.87,0,10,True
2026-09-19 13:24:32.309944,664.87,0,10,True
2026-09-19 13:24:33.158545,664.87,0,10,True
2026-09-19 13:24:34.013611,664.87,0,10,True
2026-09-19 13:24:34.900054,664.87,0,10,True
2026-09-19 13:24:35.763079,664.87,0,10,True
2026-09-19 13:24:36.593534,664.87,0,10,True
2026-09-19 13:24:37.418198,664.87,0,10,True
2026-09-19 13:24:38.260729,664.87,0,10,True
2026-09-19 13:24:39.065800,664.87,0,10,True
2026-09-19 13:24:39.894581,664.87,0,10,True
2026-09-19 13:24:40.727868,664.87,0,10,True
2026-09-19 13:24:41.554865,664.87,0,10,True
2026-09-19 13:24:42.457412,664.87,0,10,True
2026-09-19 13:24:43.326066,664.87,0,10,True
2026-09-19 13:24:44.184795,664.87,0,10,True
2026-09-19 13:24:45.029495,664.87,0,10,True
2026-09-19 13:24:45.794665,664.87,0,10,True
2026-09-19 13:24:46.550030,664.87,0,10,True
2026-09-19 13:24:47.342582,664.87,0,10,True
2026-09-19 13:24:48.157972,664.87,0,10,True
2026-09-19 13:24:48.944811,664.87,0,10,True
2026-09-19 13:24:49.777072,664.87,0,10,True
2026-09-19 13:24:50.617944,664.87,0,10,True
2026-09-19 13:24:51.434850,664.87,0,10,True
2026-09-19 13:24:52.302684,664.87,0,10,True
2026-09-19 13:24:53.159651,664.87,0,10,True
2026-09-19 13:24:54.050629,664.87,0,10,True
2026-09-19 13:24:54.881724,664.87,0,10,True
2026-09-19 13:24:55.723304,664.87,0,10,True
2026-09-19 13:24:56.557941,664.87,0,10,True
2026-09-19 13:24:57.403605,664.87,0,10,True
2026-09-19 13:24:58.235687,664.87,0,10,True
2026-09-19 13:24:59.081034,664.87,0,10,True
2026-09-19 13:24:59.904731,664.87,0,10,True
2026-09-19 13:25:00.739424,664.87,0,10,True
2026-09-19 13:25:01.588205,664.87,0,10,True
2026-09-19 13:25:02.431396,664.87,0,10,True
2026-09-19 13:25:03.267516,664.87,0,10,True
2026-09-19 13:25:04.119938,664.87,0,10,True
2026-09-19 13:25:04.963062,664.87,0,10,True
2026-09-19 13:25:05.797346,664.87,0,10,True
2026-09-19 13:25:06.652229,664.87,0,10,True
2026-09-19 13:25:07.482030,664.87,0,10,True
2026-09-19 13:25:08.329366,664.87,0,10,True
2026-09-19 13:25:09.169364,664.87,0,10,True
2026-09-19 13:25:10.012946,664.87,0,10,True
2026-09-19 13:25:10.839500,664.87,0,10,True
2026-09-19 13:25:11.704275,664.87,0,10,True
2026-09-19 13:25:12.544331,664.87,0,10,True
2026-09-19 13:25:13.381142,664.87,0,10,True
2026-09-19 13:25:14.230800,664.87,0,10,True
2026-09-19 13:25:15.034177,664.87,0,10,True
2026-09-19 13:25:15.824921,664.87,0,10,True
2026-09-19 13:25:16.629485,664.87,0,10,True
2026-09-19 13:25:17.474301,664.87,0,10,True
2026-09-19 13:25:18.292599,664.87,0,10,True
2026-09-19 13:25:19.139930,664.87,0,10,True
2026-09-19 13:25:20.001859,664.87,0,10,True
2026-09-19 13:25:20.753102,664.87,0,10,True
2026-09-19 13:25:21.597914,664.87,0,10,True
2026-09-19 13:25:22.452959,664.87,0,10,True
2026-09-19 13:25:23.268288,664.87,0,10,True
2026-09-19 13:25:24.106054,664.87,0,10,True
2026-09-19 13:25:24.945148,664.87,0,10,True
2026-09-19 13:25:25.781650,664.87,0,10,True
2026-09-19 13:25:26.616460,664.87,0,10,True
2026-09-19 13:25:27.432787,664.87,0,10,True
2026-09-19 13:25:28.258475,664.87,0,10,True
2026-09-19 13:25:29.075450,664.87,0,10,True
2026-09-19 13:25:29.924566,664.87,0,10,True
2026-09-19 13:25:30.747331,664.87,0,10,True
2026-09-19 13:25:31.574741,664.87,0,10,True
2026-09-19 13:25:32.387424,664.87,0,10,True
2026-09-19 13:25:33.219333,664.87,0,10,True
2026-09-19 13:25:34.064286,664.87,0,10,True
2026-09-19 13:25:34.903370,664.87,0,10,True
2026-09-19 13:25:35.741212,664.87,0,10,True
2026-09-19 13:25:36.613383,664.87,0,10,True
2026-09-19 13:25:37.442853,664.87,0,10,True
2026-09-19 13:25:38.273425,664.87,0,10,True
2026-09-19 13:25:39.113063,664.87,0,10,True
2026-09-19 13:25:39.943656,664.87,0,10,True
2026-09-19 13:25:40.775584,664.87,0,10,True
2026-09-19 13:25:41.614363,664.87,0,10,True
2026-09-19 13:25:42.459640,664.87,0,10,True
2026-09-19 13:25:43.280936,664.87,0,10,True
2026-09-19 13:25:44.118360,664.87,0,10,True
2026-09-19 13:25:44.949703,664.87,0,10,True
2026-09-19 13:25:45.787654,664.87,0,10,True
2026-09-19 13:25:46.629105,664.87,0,10,True
2026-09-19 13:25:47.466062,664.87,0,10,True
2026-09-19 13:25:48.300545,664.87,0,10,True
2026-09-19 13:25:49.137757,664.87,0,10,True
2026-09-19 13:25:49.973525,664.87,0,10,True
2026-09-19 13:25:50.801057,664.87,0,10,True
2026-09-19 13:25:51.633435,664.87,0,10,True
2026-09-19 13:25:52.459263,664.87,0,10,True
2026-09-19 13:25:53.290237,664.87,0,10,True
2026-09-19 13:25:54.138449,664.87,0,10,True
2026-09-19 13:25:54.967884,664.87,0,10,True
2026-09-19 13:25:55.828715,664.87,0,10,True
2026-09-19 13:25:56.672300,664.87,0,10,True
2026-09-19 13:25:57.506088,664.87,0,10,True
2026-09-19 13:25:58.335390,664.87,0,10,True
2026-09-19 13:25:59.159083,664.87,0,10,True
2026-09-19 13:25:59.981153,664.87,0,10,True
2026-09-19 13:26:00.824533,664.87,0,10,True
2026-09-19 13:26:01.657385,664.87,0,10,True
2026-09-19 13:26:02.479441,664.87,0,10,True
2026-09-19 13:26:03.293770,664.87,0,10,True
2026-09-19 13:26:04.128101,664.87,0,10,True
2026-09-19 13:26:04.964191,664.87,0,10,True
2026-09-19 13:26:05.806610,664.87,0,10,True
2026-09-19 13:26:06.662156,664.87,0,10,True
2026-09-19 13:26:07.450507,664.87,0,10,True
2026-09-19 13:26:08.166982,664.87,0,10,True
2026-09-19 13:26:08.650877,664.87,0,10,True
2026-09-19 13:26:09.166885,664.87,0,10,True
2026-09-19 13:26:09.664126,664.87,0,10,True
2026-09-19 13:26:10.072114,664.87,0,10,True
2026-09-19 13:26:10.459919,664.87,0,10,True
2026-09-19 13:26:10.901062,664.87,0,10,True
2026-09-19 13:26:11.416205,664.87,0,10,True
2026-09-19 13:26:11.912288,664.87,0,10,True
2026-09-19 13:26:12.242234,664.87,0,10,True
2026-09-19 13:30:37.686580,664.87,0,10,True
2026-09-19 13:30:38.100109,664.87,0,10,True
2026-09-19 13:30:38.558513,664.87,0,10,True
2026-09-19 13:30:39.030818,664.87,0,10,True
2026-09-19 13:30:39.469914,664.87,0,10,True
2026-09-19 13:30:40.050481,664.87,0,10,True
2026-09-19 13:30:40.487959,664.87,0,10,True
2026-09-19 13:30:40.986300,664.87,0,10,True
2026-09-19 13:30:41.464470,664.87,0,10,True
